{"data":{"Year":[2008,2009,2010,2011,2012,2013,2014,2015,2016,2017,2018],"Area":["Italia","Italia","Italia","Italia","Italia","Italia","Italia","Italia","Italia","Italia","Italia"],"Value":[21.945729,15.05858,14.650826,16.078667,14.117041,12.585968,12.028956,13.508461,13.549884,17.800237,14.666034]},"edges":[]}