Year,Group,Value
2008,Italia,792.8439999999999
2009,Italia,708.321
2010,Italia,685.801
2011,Italia,693.7719999999999
2012,Italia,591.951
2013,Italia,501.441
2014,Italia,498.57300000000004
2015,Italia,482.834
2016,Italia,484.536
2017,Italia,481.61
2015,Lombardia,91.06
2016,Lombardia,88.226
