{"data":{"Year":[2008,2009,2010,2011,2012,2013,2014,2015,2016,2017,2018],"Area":["Italia","Italia","Italia","Italia","Italia","Italia","Italia","Italia","Italia","Italia","Italia"],"Value":[547.846689,496.177671,505.773047,492.475307,472.722356,442.708383,426.21175,434.043793,432.119011,427.707847,423.478015]},"edges":[]}