Year,Area,Value
2008,Italia,547.846689
2009,Italia,496.177671
2010,Italia,505.773047
2011,Italia,492.475307
2012,Italia,472.722356
2013,Italia,442.708383
2014,Italia,426.211750
2015,Italia,434.043793
2016,Italia,432.119011
2017,Italia,427.707847
2018,Italia,423.478015
